Timestamp,Index,Error_Type,Error_Message,Details
2026-02-10 22:19:24,24,NO_DATA,All fields empty after parsing,Page loaded but no bushing data extracted
2026-02-10 22:20:28,47,NO_DATA,All fields empty after parsing,Page loaded but no bushing data extracted
2026-02-10 22:21:13,63,NO_DATA,All fields empty after parsing,Page loaded but no bushing data extracted
2026-02-10 22:21:24,67,NO_DATA,All fields empty after parsing,Page loaded but no bushing data extracted
2026-02-10 22:21:35,71,NO_DATA,All fields empty after parsing,Page loaded but no bushing data extracted
2026-02-10 22:21:41,73,NO_DATA,All fields empty after parsing,Page loaded but no bushing data extracted
2026-02-10 22:21:43,74,NO_DATA,All fields empty after parsing,Page loaded but no bushing data extracted
2026-02-10 22:21:49,76,NO_DATA,All fields empty after parsing,Page loaded but no bushing data extracted
2026-02-10 22:22:03,81,NO_DATA,All fields empty after parsing,Page loaded but no bushing data extracted
2026-02-10 22:22:36,93,NO_DATA,All fields empty after parsing,Page loaded but no bushing data extracted
2026-02-10 22:22:42,95,NO_DATA,All fields empty after parsing,Page loaded but no bushing data extracted
2026-02-10 22:23:18,108,NO_DATA,All fields empty after parsing,Page loaded but no bushing data extracted
2026-02-10 22:23:29,112,NO_DATA,All fields empty after parsing,Page loaded but no bushing data extracted
2026-02-10 22:23:32,113,NO_DATA,All fields empty after parsing,Page loaded but no bushing data extracted
2026-02-10 22:23:46,118,NO_DATA,All fields empty after parsing,Page loaded but no bushing data extracted
2026-02-10 22:23:51,120,NO_DATA,All fields empty after parsing,Page loaded but no bushing data extracted
2026-02-10 22:24:50,141,NO_DATA,All fields empty after parsing,Page loaded but no bushing data extracted
2026-02-10 22:25:07,147,NO_DATA,All fields empty after parsing,Page loaded but no bushing data extracted
2026-02-10 22:25:13,149,NO_DATA,All fields empty after parsing,Page loaded but no bushing data extracted
2026-02-10 22:25:18,151,NO_DATA,All fields empty after parsing,Page loaded but no bushing data extracted
2026-02-10 22:25:24,153,NO_DATA,All fields empty after parsing,Page loaded but no bushing data extracted
2026-02-10 22:25:26,154,NO_DATA,All fields empty after parsing,Page loaded but no bushing data extracted
2026-02-10 22:25:29,155,NO_DATA,All fields empty after parsing,Page loaded but no bushing data extracted
2026-02-10 22:25:31,156,NO_DATA,All fields empty after parsing,Page loaded but no bushing data extracted
2026-02-10 22:25:40,159,NO_DATA,All fields empty after parsing,Page loaded but no bushing data extracted
2026-02-10 22:25:45,161,NO_DATA,All fields empty after parsing,Page loaded but no bushing data extracted
2026-02-10 22:25:56,165,NO_DATA,All fields empty after parsing,Page loaded but no bushing data extracted
2026-02-10 22:26:18,173,NO_DATA,All fields empty after parsing,Page loaded but no bushing data extracted
2026-02-10 22:26:21,174,NO_DATA,All fields empty after parsing,Page loaded but no bushing data extracted
2026-02-10 22:26:24,175,NO_DATA,All fields empty after parsing,Page loaded but no bushing data extracted
2026-02-10 22:26:26,176,NO_DATA,All fields empty after parsing,Page loaded but no bushing data extracted
2026-02-10 22:26:29,177,NO_DATA,All fields empty after parsing,Page loaded but no bushing data extracted
2026-02-10 22:26:32,178,NO_DATA,All fields empty after parsing,Page loaded but no bushing data extracted
2026-02-10 22:26:34,179,NO_DATA,All fields empty after parsing,Page loaded but no bushing data extracted
2026-02-10 22:26:40,181,NO_DATA,All fields empty after parsing,Page loaded but no bushing data extracted
2026-02-10 22:26:42,182,NO_DATA,All fields empty after parsing,Page loaded but no bushing data extracted
2026-02-10 22:26:45,183,NO_DATA,All fields empty after parsing,Page loaded but no bushing data extracted
2026-02-10 22:26:47,184,NO_DATA,All fields empty after parsing,Page loaded but no bushing data extracted
2026-02-10 22:26:50,185,NO_DATA,All fields empty after parsing,Page loaded but no bushing data extracted
2026-02-10 22:26:53,186,NO_DATA,All fields empty after parsing,Page loaded but no bushing data extracted
2026-02-10 22:27:09,192,NO_DATA,All fields empty after parsing,Page loaded but no bushing data extracted
2026-02-10 22:27:15,194,NO_DATA,All fields empty after parsing,Page loaded but no bushing data extracted
2026-02-10 22:27:20,196,NO_DATA,All fields empty after parsing,Page loaded but no bushing data extracted
2026-02-10 22:27:43,204,NO_DATA,All fields empty after parsing,Page loaded but no bushing data extracted
2026-02-10 22:28:00,210,NO_DATA,All fields empty after parsing,Page loaded but no bushing data extracted
2026-02-10 22:28:05,212,NO_DATA,All fields empty after parsing,Page loaded but no bushing data extracted
2026-02-10 22:28:08,213,NO_DATA,All fields empty after parsing,Page loaded but no bushing data extracted
2026-02-10 22:28:10,214,NO_DATA,All fields empty after parsing,Page loaded but no bushing data extracted
2026-02-10 22:28:13,215,NO_DATA,All fields empty after parsing,Page loaded but no bushing data extracted
2026-02-10 22:28:16,216,NO_DATA,All fields empty after parsing,Page loaded but no bushing data extracted
2026-02-10 22:28:39,224,NO_DATA,All fields empty after parsing,Page loaded but no bushing data extracted
2026-02-10 22:28:47,227,NO_DATA,All fields empty after parsing,Page loaded but no bushing data extracted
2026-02-10 22:29:01,232,NO_DATA,All fields empty after parsing,Page loaded but no bushing data extracted
2026-02-10 22:29:07,234,NO_DATA,All fields empty after parsing,Page loaded but no bushing data extracted
2026-02-10 22:29:12,236,NO_DATA,All fields empty after parsing,Page loaded but no bushing data extracted
2026-02-10 22:29:40,246,NO_DATA,All fields empty after parsing,Page loaded but no bushing data extracted
2026-02-10 22:30:34,265,NO_DATA,All fields empty after parsing,Page loaded but no bushing data extracted
2026-02-10 22:31:08,277,NO_DATA,All fields empty after parsing,Page loaded but no bushing data extracted
2026-02-10 22:31:14,279,NO_DATA,All fields empty after parsing,Page loaded but no bushing data extracted
2026-02-10 22:31:19,281,NO_DATA,All fields empty after parsing,Page loaded but no bushing data extracted
2026-02-10 22:31:36,287,NO_DATA,All fields empty after parsing,Page loaded but no bushing data extracted
2026-02-10 22:31:41,289,NO_DATA,All fields empty after parsing,Page loaded but no bushing data extracted
2026-02-10 22:31:47,291,NO_DATA,All fields empty after parsing,Page loaded but no bushing data extracted
2026-02-10 22:31:58,295,NO_DATA,All fields empty after parsing,Page loaded but no bushing data extracted
2026-02-10 22:32:03,297,NO_DATA,All fields empty after parsing,Page loaded but no bushing data extracted
2026-02-10 22:32:26,305,NO_DATA,All fields empty after parsing,Page loaded but no bushing data extracted
2026-02-10 22:32:31,307,NO_DATA,All fields empty after parsing,Page loaded but no bushing data extracted
2026-02-10 22:32:34,308,NO_DATA,All fields empty after parsing,Page loaded but no bushing data extracted
2026-02-10 22:32:37,309,NO_DATA,All fields empty after parsing,Page loaded but no bushing data extracted
2026-02-10 22:32:42,311,NO_DATA,All fields empty after parsing,Page loaded but no bushing data extracted
2026-02-10 22:32:53,315,NO_DATA,All fields empty after parsing,Page loaded but no bushing data extracted
2026-02-10 22:32:59,317,NO_DATA,All fields empty after parsing,Page loaded but no bushing data extracted
2026-02-10 22:33:10,321,NO_DATA,All fields empty after parsing,Page loaded but no bushing data extracted
2026-02-10 22:33:26,327,NO_DATA,All fields empty after parsing,Page loaded but no bushing data extracted
2026-02-10 22:33:32,329,NO_DATA,All fields empty after parsing,Page loaded but no bushing data extracted
2026-02-10 22:33:55,337,NO_DATA,All fields empty after parsing,Page loaded but no bushing data extracted
2026-02-10 22:34:40,353,NO_DATA,All fields empty after parsing,Page loaded but no bushing data extracted
2026-02-10 22:34:51,357,NO_DATA,All fields empty after parsing,Page loaded but no bushing data extracted
2026-02-10 22:34:57,359,NO_DATA,All fields empty after parsing,Page loaded but no bushing data extracted
2026-02-10 22:35:02,361,NO_DATA,All fields empty after parsing,Page loaded but no bushing data extracted
2026-02-10 22:35:08,363,NO_DATA,All fields empty after parsing,Page loaded but no bushing data extracted
2026-02-10 22:35:14,365,NO_DATA,All fields empty after parsing,Page loaded but no bushing data extracted
2026-02-10 22:35:19,367,NO_DATA,All fields empty after parsing,Page loaded but no bushing data extracted
2026-02-10 22:36:13,386,NO_DATA,All fields empty after parsing,Page loaded but no bushing data extracted
2026-02-10 22:38:00,424,NO_DATA,All fields empty after parsing,Page loaded but no bushing data extracted
2026-02-10 22:38:54,443,NO_DATA,All fields empty after parsing,Page loaded but no bushing data extracted
2026-02-10 22:38:59,445,NO_DATA,All fields empty after parsing,Page loaded but no bushing data extracted
2026-02-10 22:39:30,456,NO_DATA,All fields empty after parsing,Page loaded but no bushing data extracted
2026-02-10 22:39:42,460,NO_DATA,All fields empty after parsing,Page loaded but no bushing data extracted
2026-02-10 22:39:47,462,NO_DATA,All fields empty after parsing,Page loaded but no bushing data extracted
2026-02-10 22:39:58,466,NO_DATA,All fields empty after parsing,Page loaded but no bushing data extracted
2026-02-10 22:40:15,472,NO_DATA,All fields empty after parsing,Page loaded but no bushing data extracted
2026-02-10 22:40:27,476,NO_DATA,All fields empty after parsing,Page loaded but no bushing data extracted
2026-02-10 22:40:33,478,NO_DATA,All fields empty after parsing,Page loaded but no bushing data extracted
2026-02-10 22:41:47,504,NO_DATA,All fields empty after parsing,Page loaded but no bushing data extracted
2026-02-10 22:42:04,510,NO_DATA,All fields empty after parsing,Page loaded but no bushing data extracted
2026-02-10 22:42:44,524,NO_DATA,All fields empty after parsing,Page loaded but no bushing data extracted
2026-02-10 22:42:49,526,NO_DATA,All fields empty after parsing,Page loaded but no bushing data extracted
2026-02-10 22:43:34,542,NO_DATA,All fields empty after parsing,Page loaded but no bushing data extracted
2026-02-10 22:43:45,546,NO_DATA,All fields empty after parsing,Page loaded but no bushing data extracted
2026-02-10 22:44:05,553,NO_DATA,All fields empty after parsing,Page loaded but no bushing data extracted
2026-02-10 22:44:19,558,NO_DATA,All fields empty after parsing,Page loaded but no bushing data extracted
2026-02-10 22:44:22,559,NO_DATA,All fields empty after parsing,Page loaded but no bushing data extracted
2026-02-10 22:45:44,588,NO_DATA,All fields empty after parsing,Page loaded but no bushing data extracted
2026-02-10 22:46:00,594,NO_DATA,All fields empty after parsing,Page loaded but no bushing data extracted
2026-02-10 22:46:37,607,NO_DATA,All fields empty after parsing,Page loaded but no bushing data extracted
2026-02-10 22:46:51,612,NO_DATA,All fields empty after parsing,Page loaded but no bushing data extracted
2026-02-10 22:48:01,637,NO_DATA,All fields empty after parsing,Page loaded but no bushing data extracted
2026-02-10 22:48:04,638,NO_DATA,All fields empty after parsing,Page loaded but no bushing data extracted
2026-02-10 22:48:12,641,NO_DATA,All fields empty after parsing,Page loaded but no bushing data extracted
2026-02-10 22:48:18,643,NO_DATA,All fields empty after parsing,Page loaded but no bushing data extracted
2026-02-10 22:48:20,644,NO_DATA,All fields empty after parsing,Page loaded but no bushing data extracted
2026-02-10 22:48:26,646,NO_DATA,All fields empty after parsing,Page loaded but no bushing data extracted
2026-02-10 22:48:32,648,NO_DATA,All fields empty after parsing,Page loaded but no bushing data extracted
2026-02-10 22:48:44,652,NO_DATA,All fields empty after parsing,Page loaded but no bushing data extracted
2026-02-10 22:48:52,655,NO_DATA,All fields empty after parsing,Page loaded but no bushing data extracted
2026-02-10 22:49:00,658,NO_DATA,All fields empty after parsing,Page loaded but no bushing data extracted
2026-02-10 22:49:17,664,NO_DATA,All fields empty after parsing,Page loaded but no bushing data extracted
2026-02-10 22:51:15,706,NO_DATA,All fields empty after parsing,Page loaded but no bushing data extracted
2026-02-10 22:53:50,761,NO_DATA,All fields empty after parsing,Page loaded but no bushing data extracted
2026-02-10 22:54:10,768,NO_DATA,All fields empty after parsing,Page loaded but no bushing data extracted
2026-02-10 22:54:12,769,NO_DATA,All fields empty after parsing,Page loaded but no bushing data extracted
2026-02-10 22:54:26,774,NO_DATA,All fields empty after parsing,Page loaded but no bushing data extracted
2026-02-10 22:54:37,778,NO_DATA,All fields empty after parsing,Page loaded but no bushing data extracted
2026-02-10 22:54:40,779,NO_DATA,All fields empty after parsing,Page loaded but no bushing data extracted
2026-02-10 22:55:31,797,NO_DATA,All fields empty after parsing,Page loaded but no bushing data extracted
2026-02-10 22:55:55,806,NO_DATA,All fields empty after parsing,Page loaded but no bushing data extracted
2026-02-10 22:56:01,808,NO_DATA,All fields empty after parsing,Page loaded but no bushing data extracted
2026-02-10 22:56:12,812,NO_DATA,All fields empty after parsing,Page loaded but no bushing data extracted
2026-02-10 22:56:35,820,NO_DATA,All fields empty after parsing,Page loaded but no bushing data extracted
2026-02-10 22:56:46,824,NO_DATA,All fields empty after parsing,Page loaded but no bushing data extracted
2026-02-10 22:56:52,826,NO_DATA,All fields empty after parsing,Page loaded but no bushing data extracted
2026-02-10 22:56:54,827,NO_DATA,All fields empty after parsing,Page loaded but no bushing data extracted
2026-02-10 22:56:57,828,NO_DATA,All fields empty after parsing,Page loaded but no bushing data extracted
2026-02-10 22:57:03,830,NO_DATA,All fields empty after parsing,Page loaded but no bushing data extracted
2026-02-10 22:57:08,832,NO_DATA,All fields empty after parsing,Page loaded but no bushing data extracted
2026-02-10 22:57:36,842,NO_DATA,All fields empty after parsing,Page loaded but no bushing data extracted
2026-02-10 22:57:42,844,NO_DATA,All fields empty after parsing,Page loaded but no bushing data extracted
2026-02-10 22:57:50,847,NO_DATA,All fields empty after parsing,Page loaded but no bushing data extracted
2026-02-10 22:57:58,850,NO_DATA,All fields empty after parsing,Page loaded but no bushing data extracted
2026-02-10 22:58:04,852,NO_DATA,All fields empty after parsing,Page loaded but no bushing data extracted
2026-02-10 22:58:09,854,NO_DATA,All fields empty after parsing,Page loaded but no bushing data extracted
2026-02-10 22:58:20,858,NO_DATA,All fields empty after parsing,Page loaded but no bushing data extracted
2026-02-10 22:58:32,862,NO_DATA,All fields empty after parsing,Page loaded but no bushing data extracted
2026-02-10 22:58:40,865,NO_DATA,All fields empty after parsing,Page loaded but no bushing data extracted
2026-02-10 22:58:48,868,NO_DATA,All fields empty after parsing,Page loaded but no bushing data extracted
2026-02-10 22:58:51,869,NO_DATA,All fields empty after parsing,Page loaded but no bushing data extracted
2026-02-10 22:58:54,870,NO_DATA,All fields empty after parsing,Page loaded but no bushing data extracted
2026-02-10 22:58:59,872,NO_DATA,All fields empty after parsing,Page loaded but no bushing data extracted
2026-02-10 22:59:19,879,NO_DATA,All fields empty after parsing,Page loaded but no bushing data extracted
2026-02-10 22:59:21,880,NO_DATA,All fields empty after parsing,Page loaded but no bushing data extracted
2026-02-10 22:59:24,881,NO_DATA,All fields empty after parsing,Page loaded but no bushing data extracted
2026-02-10 22:59:27,882,NO_DATA,All fields empty after parsing,Page loaded but no bushing data extracted
2026-02-10 22:59:38,886,NO_DATA,All fields empty after parsing,Page loaded but no bushing data extracted
2026-02-10 22:59:43,888,NO_DATA,All fields empty after parsing,Page loaded but no bushing data extracted
2026-02-10 22:59:57,893,NO_DATA,All fields empty after parsing,Page loaded but no bushing data extracted
2026-02-10 23:00:00,894,NO_DATA,All fields empty after parsing,Page loaded but no bushing data extracted
2026-02-10 23:00:08,897,NO_DATA,All fields empty after parsing,Page loaded but no bushing data extracted
2026-02-10 23:00:11,898,NO_DATA,All fields empty after parsing,Page loaded but no bushing data extracted
2026-02-10 23:00:16,900,NO_DATA,All fields empty after parsing,Page loaded but no bushing data extracted
2026-02-10 23:00:19,901,NO_DATA,All fields empty after parsing,Page loaded but no bushing data extracted
2026-02-10 23:00:22,902,NO_DATA,All fields empty after parsing,Page loaded but no bushing data extracted
2026-02-10 23:00:24,903,NO_DATA,All fields empty after parsing,Page loaded but no bushing data extracted
2026-02-10 23:00:49,912,NO_DATA,All fields empty after parsing,Page loaded but no bushing data extracted
2026-02-10 23:00:55,914,NO_DATA,All fields empty after parsing,Page loaded but no bushing data extracted
2026-02-10 23:00:57,915,NO_DATA,All fields empty after parsing,Page loaded but no bushing data extracted
2026-02-10 23:01:00,916,NO_DATA,All fields empty after parsing,Page loaded but no bushing data extracted
2026-02-10 23:02:41,952,NO_DATA,All fields empty after parsing,Page loaded but no bushing data extracted
2026-02-10 23:04:13,985,NO_DATA,All fields empty after parsing,Page loaded but no bushing data extracted
