Timestamp,Style_Number,Error_Message
2026-02-13 22:03:59,025A5000AA,HTTP error 500: 500 Server Error: Internal Server Error for url: https://bushing.hitachienergy.com/Scripts/BushingLo
2026-02-13 22:25:00,069A1600BA,HTTP error 500: 500 Server Error: Internal Server Error for url: https://bushing.hitachienergy.com/Scripts/BushingLo
2026-02-13 22:31:33,102A6442,HTTP error 500: 500 Server Error: Internal Server Error for url: https://bushing.hitachienergy.com/Scripts/BushingLo
2026-02-13 22:35:26,11b1018bb,HTTP error 500: 500 Server Error: Internal Server Error for url: https://bushing.hitachienergy.com/Scripts/BushingLo
2026-02-13 22:41:30,17B483,HTTP error 500: 500 Server Error: Internal Server Error for url: https://bushing.hitachienergy.com/Scripts/BushingLo
2026-02-13 22:46:07,2008C32G02,HTTP error 500: 500 Server Error: Internal Server Error for url: https://bushing.hitachienergy.com/Scripts/BushingLo
2026-02-13 22:48:23,232C288G07,HTTP error 500: 500 Server Error: Internal Server Error for url: https://bushing.hitachienergy.com/Scripts/BushingLo
2026-02-13 22:48:25,232C288G08,HTTP error 500: 500 Server Error: Internal Server Error for url: https://bushing.hitachienergy.com/Scripts/BushingLo
2026-02-13 22:48:27,232C288G11,HTTP error 500: 500 Server Error: Internal Server Error for url: https://bushing.hitachienergy.com/Scripts/BushingLo
2026-02-13 22:48:53,291A7320,HTTP error 500: 500 Server Error: Internal Server Error for url: https://bushing.hitachienergy.com/Scripts/BushingLo
2026-02-13 22:50:46,362W2000WT,HTTP error 500: 500 Server Error: Internal Server Error for url: https://bushing.hitachienergy.com/Scripts/BushingLo
2026-02-13 22:53:31,5735D39G01,HTTP error 500: 500 Server Error: Internal Server Error for url: https://bushing.hitachienergy.com/Scripts/BushingLo
2026-02-13 22:53:33,5735D39G02,HTTP error 500: 500 Server Error: Internal Server Error for url: https://bushing.hitachienergy.com/Scripts/BushingLo
2026-02-13 22:53:36,5735D39G04,HTTP error 500: 500 Server Error: Internal Server Error for url: https://bushing.hitachienergy.com/Scripts/BushingLo
2026-02-13 22:53:40,5735D39G06,HTTP error 500: 500 Server Error: Internal Server Error for url: https://bushing.hitachienergy.com/Scripts/BushingLo
2026-02-13 22:53:42,5735D39G08,HTTP error 500: 500 Server Error: Internal Server Error for url: https://bushing.hitachienergy.com/Scripts/BushingLo
2026-02-13 22:53:43,5735D39G09,HTTP error 500: 500 Server Error: Internal Server Error for url: https://bushing.hitachienergy.com/Scripts/BushingLo
2026-02-13 22:53:45,5945D86G01,HTTP error 500: 500 Server Error: Internal Server Error for url: https://bushing.hitachienergy.com/Scripts/BushingLo
2026-02-13 22:53:47,6040-1,HTTP error 500: 500 Server Error: Internal Server Error for url: https://bushing.hitachienergy.com/Scripts/BushingLo
2026-02-13 22:53:48,6047,HTTP error 500: 500 Server Error: Internal Server Error for url: https://bushing.hitachienergy.com/Scripts/BushingLo
2026-02-13 22:53:50,7210,HTTP error 500: 500 Server Error: Internal Server Error for url: https://bushing.hitachienergy.com/Scripts/BushingLo
2026-02-13 22:53:52,7223,HTTP error 500: 500 Server Error: Internal Server Error for url: https://bushing.hitachienergy.com/Scripts/BushingLo
2026-02-13 22:53:53,774C864G05,HTTP error 500: 500 Server Error: Internal Server Error for url: https://bushing.hitachienergy.com/Scripts/BushingLo
2026-02-13 22:53:55,7770,HTTP error 500: 500 Server Error: Internal Server Error for url: https://bushing.hitachienergy.com/Scripts/BushingLo
2026-02-13 22:53:57,7771,HTTP error 500: 500 Server Error: Internal Server Error for url: https://bushing.hitachienergy.com/Scripts/BushingLo
2026-02-13 22:53:59,7841,HTTP error 500: 500 Server Error: Internal Server Error for url: https://bushing.hitachienergy.com/Scripts/BushingLo
2026-02-13 22:54:00,784C205G01,HTTP error 500: 500 Server Error: Internal Server Error for url: https://bushing.hitachienergy.com/Scripts/BushingLo
2026-02-13 22:54:02,784C291G01,HTTP error 500: 500 Server Error: Internal Server Error for url: https://bushing.hitachienergy.com/Scripts/BushingLo
2026-02-13 22:54:03,784C291G03,HTTP error 500: 500 Server Error: Internal Server Error for url: https://bushing.hitachienergy.com/Scripts/BushingLo
2026-02-13 22:54:05,784C291G04,HTTP error 500: 500 Server Error: Internal Server Error for url: https://bushing.hitachienergy.com/Scripts/BushingLo
2026-02-13 22:54:07,784C291G05,HTTP error 500: 500 Server Error: Internal Server Error for url: https://bushing.hitachienergy.com/Scripts/BushingLo
2026-02-13 22:54:09,784C291G07,HTTP error 500: 500 Server Error: Internal Server Error for url: https://bushing.hitachienergy.com/Scripts/BushingLo
2026-02-13 22:54:10,785C661G03,HTTP error 500: 500 Server Error: Internal Server Error for url: https://bushing.hitachienergy.com/Scripts/BushingLo
2026-02-13 22:54:12,785C661G04,HTTP error 500: 500 Server Error: Internal Server Error for url: https://bushing.hitachienergy.com/Scripts/BushingLo
2026-02-13 22:54:14,785C661G05,HTTP error 500: 500 Server Error: Internal Server Error for url: https://bushing.hitachienergy.com/Scripts/BushingLo
2026-02-13 22:54:15,785C661G06,HTTP error 500: 500 Server Error: Internal Server Error for url: https://bushing.hitachienergy.com/Scripts/BushingLo
2026-02-13 22:54:25,GOE 1800-1300-2500-0.6,HTTP error 500: 500 Server Error: Internal Server Error for url: https://bushing.hitachienergy.com/Scripts/BushingLo
2026-02-13 22:54:26,LF 121 072-AA,HTTP error 500: 500 Server Error: Internal Server Error for url: https://bushing.hitachienergy.com/Scripts/BushingLo
2026-02-13 22:54:28,LF 123 244-A,HTTP error 500: 500 Server Error: Internal Server Error for url: https://bushing.hitachienergy.com/Scripts/BushingLo
2026-02-13 22:54:30,LF 129 035-A,HTTP error 500: 500 Server Error: Internal Server Error for url: https://bushing.hitachienergy.com/Scripts/BushingLo
2026-02-13 22:54:31,LF-123251-L,HTTP error 500: 500 Server Error: Internal Server Error for url: https://bushing.hitachienergy.com/Scripts/BushingLo
2026-02-13 22:54:33,LF-123252-L,HTTP error 500: 500 Server Error: Internal Server Error for url: https://bushing.hitachienergy.com/Scripts/BushingLo
2026-02-13 22:54:35,LF-123253-L,HTTP error 500: 500 Server Error: Internal Server Error for url: https://bushing.hitachienergy.com/Scripts/BushingLo
